name,site,category,phone,full_address,borough,street,city,postal_code,latitude,longitude,h3,area_service,rating,reviews,reviews_link,reviews_tags,photo,business_status,about,logo,description,location_link,email_1
Upper West Side Run Club,https://linktr.ee/upperwestsiderunclub,Athletic club,,"W 72nd St, New York, NY 10023",Manhattan,W 72nd St,New York,10023,40.7807218,-73.9856854,892a1008b13ffff,FALSE,5,16,"https://search.google.com/local/reviews?placeid=ChIJQVu9WH9ZwokRv5fVc9FMHGI&q=run+club,+Queens,+NY&authuser=0&hl=en&gl=US",,https://lh3.googleusercontent.com/gps-cs-s/AC9h4nrrR5P7CWD-loWk6WbEQy5ivM25d6So7Guz1H8nBHlYhAFX9TKxGijtBdczlZld0ZkmWxSx5imfbH1smoo0rAVyxWG-Esc517DA-IyEItpx3xA9CjUE2r6U0wOubjnBgU_eRKaovA=w800-h500-k-no,OPERATIONAL,{},https://lh4.googleusercontent.com/-ys-a16IcBu8/AAAAAAAAAAI/AAAAAAAAAAA/g7ksiOP4hUU/s44-p-k-no-ns-nd/photo.jpg,,"https://www.google.com/maps/place/Upper+West+Side+Run+Club/@40.780721799999995,-73.9856854,14z/data=!4m8!1m2!2m1!1sUpper+West+Side+Run+Club!3m4!1s0x89c2597f58bd5b41:0x621c4cd173d597bf!8m2!3d40.780721799999995!4d-73.9856854",alex@linktr.ee
Hellgate Road Runners,http://www.hrronline.org/Contact%20us.htm,Sports club,+1 718-721-7844,"14-41 31st Dr, Long Island City, NY 11106",Long Island City,14-41 31st Dr,Long Island City,11106,40.766635,-73.931451,892a100d497ffff,FALSE,,,,,https://streetviewpixels-pa.googleapis.com/v1/thumbnail?panoid=Q_Aw6y6EsV81g5TlJkgDlw&cb_client=search.gws-prod.gps&w=800&h=500&yaw=54.69848&pitch=0&thumbfov=100,OPERATIONAL,"{""Accessibility"": {""Wheelchair accessible entrance"": true}}",,,"https://www.google.com/maps/place/Hellgate+Road+Runners/@40.766635,-73.931451,14z/data=!4m8!1m2!2m1!1sHellgate+Road+Runners!3m4!1s0x89c25f35ec9a766b:0x59c7c2f6ca05845d!8m2!3d40.766635!4d-73.931451",jared@hrronline.org
New York Road Runners,http://www.nyrr.org/,Non-profit organization,+1 855-569-6977,"6073, 322 Columbus Ave, New York, NY 10023",Manhattan,"6073, 322 Columbus Ave",New York,10023,40.766802,-73.984127,892a1008b27ffff,FALSE,4.2,30,"https://search.google.com/local/reviews?placeid=ChIJf1Qu2PlYwokRA3NeGvPOhHU&q=run+club,+Queens,+NY&authuser=0&hl=en&gl=US",,https://lh3.googleusercontent.com/gps-cs-s/AC9h4nrj8GKyIVbYCcGDtu0c9ZxIHDdfCPCMY3MeHcfCji8y6K3FH5qbL07XRc772vpaqIZNzx53aGCSBPfRXmQ49C8TJDWFrIZS0X6yOEdqAtIl0ELmq6ulQTaxQNOqS8g5SHg7eh8=w800-h500-k-no,OPERATIONAL,{},,,"https://www.google.com/maps/place/New+York+Road+Runners/@40.766802,-73.984127,14z/data=!4m8!1m2!2m1!1sNew+York+Road+Runners!3m4!1s0x89c258f9d82e547f:0x7584cef31a5e7303!8m2!3d40.766802!4d-73.984127",dshumanski@nyrr.org
South Brooklyn Running Club,http://southbrooklynrunningclub.com/,Club,,"President St and, Court St, Brooklyn, NY 11231",Carroll Gardens,"President St and, Court St",Brooklyn,11231,40.681608,-73.9961272,892a1072933ffff,FALSE,5,20,"https://search.google.com/local/reviews?placeid=ChIJZ6jSyZlbwokR89khEGRHhVY&q=run+club,+Queens,+NY&authuser=0&hl=en&gl=US",,https://lh3.googleusercontent.com/gps-cs-s/AC9h4npPKo5JNffH3vouhKZOs_yOgg7ZHCX5lmC1Fbm1M3eYiS49QAc7FswnVxrvTLbupChAsMxRGewyMFuM1iGJyqz84ZVGbWJRNKGUkJ687wVWEUirKjJ0fTfd1aUkuIulkH2I6NfQ=w800-h500-k-no,OPERATIONAL,{},https://lh5.googleusercontent.com/-jsMDT3tPYus/AAAAAAAAAAI/AAAAAAAAAAA/oHMXUFK1hp0/s44-p-k-no-ns-nd/photo.jpg,,"https://www.google.com/maps/place/South+Brooklyn+Running+Club/@40.681608,-73.9961272,14z/data=!4m8!1m2!2m1!1sSouth+Brooklyn+Running+Club!3m4!1s0x89c25b99c9d2a867:0x568547641021d9f3!8m2!3d40.681608!4d-73.9961272",social@southbrooklynrunning.com
Five Points Runners Track Club,http://fivepointsrunners.com/,Association / Organization,+1 917-747-7490,"453 FDR Dr, New York, NY 10002",Manhattan,453 FDR Dr,New York,10002,40.7125397,-73.9782826,892a1072d9bffff,FALSE,4,4,"https://search.google.com/local/reviews?placeid=ChIJa1V7y9VbwokRjFhILi5EwU8&q=run+club,+Queens,+NY&authuser=0&hl=en&gl=US",,https://streetviewpixels-pa.googleapis.com/v1/thumbnail?panoid=DZsQPqaQSKOFjGabwM7Gfw&cb_client=search.gws-prod.gps&w=800&h=500&yaw=303.86285&pitch=0&thumbfov=100,OPERATIONAL,"{""Accessibility"": {""Wheelchair accessible entrance"": true}}",,,"https://www.google.com/maps/place/Five+Points+Runners+Track+Club/@40.7125397,-73.9782826,14z/data=!4m8!1m2!2m1!1sFive+Points+Runners+Track+Club!3m4!1s0x89c25bd5cb7b556b:0x4fc1442e2e48588c!8m2!3d40.7125397!4d-73.9782826",fivepointsrunners@gmail.com
Girls on the Run NYC,http://www.gotrnyc.org/,Non-profit organization,+1 212-401-6380,"77 Sands Street Sixth Floor, Brooklyn, NY 11201",Downtown Brooklyn,77 Sands Street Sixth Floor,Brooklyn,11201,40.7003477,-73.9874324,892a1072d3bffff,FALSE,5,2,"https://search.google.com/local/reviews?placeid=ChIJi4ejSRFawokRJFTYvpGAvjM&q=run+club,+Queens,+NY&authuser=0&hl=en&gl=US",,https://lh3.googleusercontent.com/p/AF1QipO7_Ukqxwqn4kVHcmFNUn_OiootLc-eChRry_-M=w800-h500-k-no,OPERATIONAL,"{""Accessibility"": {""Wheelchair accessible entrance"": true}}",https://lh4.googleusercontent.com/-jIq3q1Shch8/AAAAAAAAAAI/AAAAAAAAAAA/hOBFOG-XGTk/s44-p-k-no-ns-nd/photo.jpg,,"https://www.google.com/maps/place/Girls+on+the+Run+NYC/@40.700347699999995,-73.9874324,14z/data=!4m8!1m2!2m1!1sGirls+on+the+Run+NYC!3m4!1s0x89c25a1149a3878b:0x33be8091bed85424!8m2!3d40.700347699999995!4d-73.9874324",molly.schwartz@gotrnyc.org
Run for Chinatown,http://www.runforchinatown.org/,Non-profit organization,+1 917-830-6952,"108 Mosco St, New York, NY 10013",Manhattan,108 Mosco St,New York,10013,40.7145385,-73.9990512,892a1072c23ffff,FALSE,5,5,"https://search.google.com/local/reviews?placeid=ChIJgaFp0WZbwokRjXegUbbdTys&q=run+club,+Queens,+NY&authuser=0&hl=en&gl=US",,https://lh3.googleusercontent.com/gps-cs-s/AC9h4nr1GUt7Riv3QULrIvLOxDlZs1htNp5g5TZSeC-YkVX3l6Aoof7B-JFxc1cUDnB0hMcXCIB2CbWTtbzEseqXgZodUT4kLvM3_Ps0Hp2SghMVHWkSfyqgrwmP8jLwVBvF_RWBIXmY=w800-h500-k-no,OPERATIONAL,"{""Accessibility"": {""Wheelchair accessible entrance"": true}}",https://lh3.googleusercontent.com/-0KQdGG2orJs/AAAAAAAAAAI/AAAAAAAAAAA/oedMAnDZqQA/s44-p-k-no-ns-nd/photo.jpg,,"https://www.google.com/maps/place/Run+for+Chinatown/@40.714538499999996,-73.9990512,14z/data=!4m8!1m2!2m1!1sRun+for+Chinatown!3m4!1s0x89c25b66d169a181:0x2b4fddb651a0778d!8m2!3d40.714538499999996!4d-73.9990512",hello@runforchinatown.org
Upper West Side Run Club (Tuesday meeting spot),https://linktr.ee/upperwestsiderunclub,Athletic club,,"Central Prk W, New York, NY 10023",Manhattan,Central Prk W,New York,10023,40.7748054,-73.9741975,892a1008ba7ffff,FALSE,5,14,"https://search.google.com/local/reviews?placeid=ChIJ_2P5j0RZwokRPf2BfcJs0zE&q=run+club,+Queens,+NY&authuser=0&hl=en&gl=US",,https://lh3.googleusercontent.com/p/AF1QipMytGi0D0c0hSb9lhzxj-6_kVAanur3cyiLZuXo=w800-h500-k-no,OPERATIONAL,{},https://lh5.googleusercontent.com/-2JTvUkVlIlA/AAAAAAAAAAI/AAAAAAAAAAA/WmTFGfLAe64/s44-p-k-no-ns-nd/photo.jpg,,"https://www.google.com/maps/place/Upper+West+Side+Run+Club+%28Tuesday+meeting+spot%29/@40.7748054,-73.9741975,14z/data=!4m8!1m2!2m1!1sUpper+West+Side+Run+Club+%28Tuesday+meeting+spot%29!3m4!1s0x89c259448ff963ff:0x31d36cc27d81fd3d!8m2!3d40.7748054!4d-73.9741975",alex@linktr.ee
Mile High Run Club,https://www.milehighrunclub.com/,Gym,+1 212-466-6472,"24 W 25th St, New York, NY 10010",Manhattan,24 W 25th St,New York,10010,40.7433365,-73.9904335,892a100d21bffff,FALSE,4.7,63,"https://search.google.com/local/reviews?placeid=ChIJX7P5XaVZwokRSgAtiRI9IRc&q=run+club,+Queens,+NY&authuser=0&hl=en&gl=US",,https://lh3.googleusercontent.com/p/AF1QipMMrc5U92YinaK2gBS-XtLSksYuPboAetCT7rh7=w800-h500-k-no,OPERATIONAL,"{""Service options"": {""Online classes"": true}, ""Accessibility"": {""Wheelchair accessible entrance"": true, ""Wheelchair accessible parking lot"": false}, ""Atmosphere"": {""Shower"": true}, ""Payments"": {""Credit cards"": true}}",https://lh6.googleusercontent.com/-svjr5IA_vqg/AAAAAAAAAAI/AAAAAAAAAAA/1-nwls98ib4/s44-p-k-no-ns-nd/photo.jpg,,"https://www.google.com/maps/place/Mile+High+Run+Club/@40.7433365,-73.9904335,14z/data=!4m8!1m2!2m1!1sMile+High+Run+Club!3m4!1s0x89c259a55df9b35f:0x17213d12892d004a!8m2!3d40.7433365!4d-73.9904335",corinne@milehighrunclub.com
Renegade Runners,,Club,+1 718-206-1383,"114-64 Merrick Blvd, Jamaica, NY 11434",Jamaica,114-64 Merrick Blvd,Jamaica,11434,40.689935,-73.7782722,892a100e9a3ffff,FALSE,,,,,https://streetviewpixels-pa.googleapis.com/v1/thumbnail?panoid=IMUdSH29lGlRdMfbX1mvag&cb_client=search.gws-prod.gps&w=800&h=500&yaw=353.37753&pitch=0&thumbfov=100,OPERATIONAL,"{""Accessibility"": {""Wheelchair accessible entrance"": true}}",,,"https://www.google.com/maps/place/Renegade+Runners/@40.689935,-73.7782722,14z/data=!4m8!1m2!2m1!1sRenegade+Runners!3m4!1s0x89c26133936707a3:0x43c8630b12628b32!8m2!3d40.689935!4d-73.7782722",
NYRR RUNCENTER featuring the New Balance Run Hub,https://www.nyrr.org/runcenter,Running store,+1 855-569-6977,"320 W 57th St Ground Floor, New York, NY 10019",Manhattan,320 W 57th St Ground Floor,New York,10019,40.7668002,-73.9841223,892a1008b27ffff,FALSE,4.7,881,"https://search.google.com/local/reviews?placeid=ChIJM9ktaVhYwokRImpBBHiudGg&q=run+club,+Queens,+NY&authuser=0&hl=en&gl=US",,https://lh3.googleusercontent.com/gps-cs-s/AC9h4noyBDgT4i65L3qpt8tcxpynElLMeyoS5jiDk_1AIbV2jswtbQZG0Ya8AQjaAIE_0imijldxsmhFVupu62wFGivkhqhdWIP13nRgdzfOpJgHakS3LDm7qJ-3qftDL0BQzc4GRCIHlw=w800-h500-k-no,OPERATIONAL,"{""Service options"": {""In-store pickup"": true, ""In-store shopping"": true, ""Onsite services"": true, ""Same-day delivery"": false}, ""Accessibility"": {""Wheelchair accessible entrance"": true}, ""Planning"": {""Quick visit"": true}, ""Payments"": {""Credit cards"": true, ""NFC mobile payments"": true}}",https://lh4.googleusercontent.com/-8Hsc6oWZC3E/AAAAAAAAAAI/AAAAAAAAAAA/Rf-eGc5DBZs/s44-p-k-no-ns-nd/photo.jpg,,"https://www.google.com/maps/place/NYRR+RUNCENTER+featuring+the+New+Balance+Run+Hub/@40.7668002,-73.9841223,14z/data=!4m8!1m2!2m1!1sNYRR+RUNCENTER+featuring+the+New+Balance+Run+Hub!3m4!1s0x89c25858692dd933:0x6874ae7804416a22!8m2!3d40.7668002!4d-73.9841223",dshumanski@nyrr.org
Mile High Run Club UES,https://milehighrunclub.com/,Fitness center,+1 212-466-6472,"1251 Lexington Ave, New York, NY 10028",Manhattan,1251 Lexington Ave,New York,10028,40.7784805,-73.9561277,892a1008907ffff,FALSE,4.8,30,"https://search.google.com/local/reviews?placeid=ChIJTS27-LxYwokRypn3jvQCy1Y&q=run+club,+Queens,+NY&authuser=0&hl=en&gl=US",,https://lh3.googleusercontent.com/p/AF1QipPXyIFp22-55Z5sXgHiCTv09cIFlwg57-y7lnU5=w800-h500-k-no,OPERATIONAL,"{""Accessibility"": {""Wheelchair accessible parking lot"": false}, ""Atmosphere"": {""Shower"": true}, ""Payments"": {""Credit cards"": true}}",https://lh5.googleusercontent.com/-TMbH-M9UKko/AAAAAAAAAAI/AAAAAAAAAAA/7TRUAqFDv8U/s44-p-k-no-ns-nd/photo.jpg,,"https://www.google.com/maps/place/Mile+High+Run+Club+UES/@40.7784805,-73.9561277,14z/data=!4m8!1m2!2m1!1sMile+High+Run+Club+UES!3m4!1s0x89c258bcf8bb2d4d:0x56cb02f48ef799ca!8m2!3d40.7784805!4d-73.9561277",corinne@milehighrunclub.com
Juniper Valley Park Running Track,https://www.nycgovparks.org/parks/juniper-valley-park/facilities/runningtracks,Athletic track,+1 212-639-9675,"71st Street &, Lutheran Ave, Middle Village, NY 11379",Middle Village,"71st Street &, Lutheran Ave",Middle Village,11379,40.7205388,-73.8844942,892a100c077ffff,FALSE,4.5,443,"https://search.google.com/local/reviews?placeid=ChIJ7TY-wWBewokRkIS8olPlwck&q=run+club,+Queens,+NY&authuser=0&hl=en&gl=US",,https://lh3.googleusercontent.com/gps-cs-s/AC9h4noPabw6e-oNRgz8hb1Ge5cdMHPOPa-sWOAOMCvsO1_RmHcZdlbrCBFOm_oZnRFJk6LuWK6aKFS5s4jT35QEYxFerpa7okWbTypAdOsRNH2XFcNOtk4MB1jgXTeFDT2gNpWAYKau=w800-h500-k-no,OPERATIONAL,"{""Accessibility"": {""Wheelchair accessible entrance"": true, ""Wheelchair accessible parking lot"": true}}",https://lh5.googleusercontent.com/-SMcIAoLGbds/AAAAAAAAAAI/AAAAAAAAAAA/scZaEe-tH9c/s44-p-k-no-ns-nd/photo.jpg,,"https://www.google.com/maps/place/Juniper+Valley+Park+Running+Track/@40.7205388,-73.88449419999999,14z/data=!4m8!1m2!2m1!1sJuniper+Valley+Park+Running+Track!3m4!1s0x89c25e60c13e36ed:0xc9c1e553a2bc8490!8m2!3d40.7205388!4d-73.88449419999999",pressoffice@parks.nyc.gov
Keep The Pace Run Club,http://keepthepace.run/,Physical fitness program,+1 508-404-3398,,,,,,40.716628,-73.9448356,892a100d12bffff,TRUE,5,20,,,,OPERATIONAL,{},https://lh3.googleusercontent.com/-ykGTMb-b7CY/AAAAAAAAAAI/AAAAAAAAAAA/UJ3PxFT34KA/s44-p-k-no-ns-nd/photo.jpg,,"https://www.google.com/maps/place/Keep+The+Pace+Run+Club/@40.716628,-73.94483559999999,14z/data=!4m8!1m2!2m1!1sKeep+The+Pace+Run+Club!3m4!1s0x62ece2b9168b09b5:0xb200bdec97753e6c!8m2!3d40.716628!4d-73.94483559999999",bethany@keepthepace.run
streets101,http://streets101.run/,Association / Organization,,"295 Madison Ave, New York, NY 10017",Manhattan,295 Madison Ave,New York,10017,40.7518605,-73.9794731,892a100d667ffff,FALSE,4,1,"https://search.google.com/local/reviews?placeid=ChIJY0BlBgFZwokR37iCzqLEHHE&q=run+club,+Queens,+NY&authuser=0&hl=en&gl=US",,https://lh3.googleusercontent.com/gps-cs-s/AC9h4nqVveSKz_X0hCCpJVs3-1_H8sIdE2D-mDAT2sKHx4eIm_DAb1rul4l2pEnpoiyYBryWbcWam6ThSbsUb3qa9hRh3H7bDlFVB7UmX75pfeuQNfcdAhmf1w-opTMb63rb-eXekVLJlg=w800-h500-k-no,OPERATIONAL,"{""Parking"": {""Paid street parking"": true}}",,,"https://www.google.com/maps/place/streets101/@40.7518605,-73.97947309999999,14z/data=!4m8!1m2!2m1!1sstreets101!3m4!1s0x89c2590106654063:0x711cc4a2ce82b8df!8m2!3d40.7518605!4d-73.97947309999999",united@streets101.run
Dashing Whippets Brooklyn Meeting Point,http://dashingwhippets.org/,Sports club,,"Brooklyn, NY 11215",None,,Brooklyn,11215,40.6721992,-73.9699227,892a100db4bffff,FALSE,5,4,"https://search.google.com/local/reviews?placeid=ChIJQUe3ZwhbwokRrXO-cMd3e9I&q=run+club,+Queens,+NY&authuser=0&hl=en&gl=US",,https://streetviewpixels-pa.googleapis.com/v1/thumbnail?panoid=Vormp-ypW1gkBOIAJf5bGw&cb_client=search.gws-prod.gps&w=800&h=500&yaw=257.95126&pitch=0&thumbfov=100,OPERATIONAL,"{""Accessibility"": {""Wheelchair accessible entrance"": true}}",,,"https://www.google.com/maps/place/Dashing+Whippets+Brooklyn+Meeting+Point/@40.6721992,-73.9699227,14z/data=!4m8!1m2!2m1!1sDashing+Whippets+Brooklyn+Meeting+Point!3m4!1s0x89c25b0867b74741:0xd27b77c770be73ad!8m2!3d40.6721992!4d-73.9699227",matt@dashingwhippets.org
New Hyde Park Mineola Runners Club,https://www.newhydeparkrunners.com/,Social club,+1 347-603-6883,"318 Mineola Blvd, Mineola, NY 11501",None,318 Mineola Blvd,Mineola,11501,40.7497589,-73.644361,892a10044b3ffff,FALSE,5,1,"https://search.google.com/local/reviews?placeid=ChIJAQC8mPmHwokRAUHTfdJBaUY&q=run+club,+Queens,+NY&authuser=0&hl=en&gl=US",,https://streetviewpixels-pa.googleapis.com/v1/thumbnail?panoid=GOGDbpGOauil8GCBcVsc3Q&cb_client=search.gws-prod.gps&w=800&h=500&yaw=69.95171&pitch=0&thumbfov=100,OPERATIONAL,"{""Accessibility"": {""Wheelchair accessible entrance"": true, ""Wheelchair accessible parking lot"": true}}",https://lh5.googleusercontent.com/-5Layv5PaqW0/AAAAAAAAAAI/AAAAAAAAAAA/Ooz0hlNgQzY/s44-p-k-no-ns-nd/photo.jpg,,"https://www.google.com/maps/place/New+Hyde+Park+Mineola+Runners+Club/@40.749758899999996,-73.644361,14z/data=!4m8!1m2!2m1!1sNew+Hyde+Park+Mineola+Runners+Club!3m4!1s0x89c287f998bc0001:0x466941d27dd34101!8m2!3d40.749758899999996!4d-73.644361",hello@newhydeparkrunners.com
Upper East Side Run Club,,Sports club,,"28 John Finley Walk, New York, NY 10028",Manhattan,28 John Finley Walk,New York,10028,40.7742912,-73.9432592,892a100f26bffff,FALSE,,,,,,OPERATIONAL,{},,,"https://www.google.com/maps/place/Upper+East+Side+Run+Club/@40.7742912,-73.9432592,14z/data=!4m8!1m2!2m1!1sUpper+East+Side+Run+Club!3m4!1s0x89c2590067e60c83:0xb9772b2d9281ac88!8m2!3d40.7742912!4d-73.9432592",
Midnight Run,https://midnightrun.org/,Association / Organization,+1 914-328-1896,"227 Bowery, New York, NY 10002",Manhattan,227 Bowery,New York,10002,40.7219563,-73.9928051,892a1072cbbffff,FALSE,2.8,4,"https://search.google.com/local/reviews?placeid=ChIJ__-T2IVZwokRQnN2N3LUf-s&q=run+club,+Queens,+NY&authuser=0&hl=en&gl=US",,https://streetviewpixels-pa.googleapis.com/v1/thumbnail?panoid=uD-ngoEtDHlGPQ8ruaxxxw&cb_client=search.gws-prod.gps&w=800&h=500&yaw=286.0782&pitch=0&thumbfov=100,OPERATIONAL,{},,,"https://www.google.com/maps/place/Midnight+Run/@40.721956299999995,-73.9928051,14z/data=!4m8!1m2!2m1!1sMidnight+Run!3m4!1s0x89c25985d893ffff:0xeb7fd47237767342!8m2!3d40.721956299999995!4d-73.9928051",dale@midnightrun.org
Achilles International: NYC Central Park Workout,http://www.achillesinternational.org/nyc-chapter/,Association / Organization,+1 212-354-0300,"2 E 90th St, New York, NY 10128",Manhattan,2 E 90th St,New York,10128,40.7842337,-73.9588565,892a10089c7ffff,FALSE,4.2,5,"https://search.google.com/local/reviews?placeid=ChIJDRbgeqJYwokREFEz7X5D_FY&q=run+club,+Queens,+NY&authuser=0&hl=en&gl=US",,https://lh3.googleusercontent.com/p/AF1QipNpJQchpi_B53DY6FuuBiA9rdS2qlTq4VtVi4Yj=w800-h500-k-no,OPERATIONAL,"{""Accessibility"": {""Wheelchair accessible entrance"": true}}",https://lh6.googleusercontent.com/-8m61m4xLgS0/AAAAAAAAAAI/AAAAAAAAAAA/Qxh5pduBQ5I/s44-p-k-no-ns-nd/photo.jpg,,"https://www.google.com/maps/place/Achilles+International%3A+NYC+Central+Park+Workout/@40.7842337,-73.9588565,14z/data=!4m8!1m2!2m1!1sAchilles+International%3A+NYC+Central+Park+Workout!3m4!1s0x89c258a27ae0160d:0x56fc437eed335110!8m2!3d40.7842337!4d-73.9588565",ecox@achillesinternational.org
West Village Athletic (WVA),http://the-athleticclubs.com/westvillageathletic,Gym,,"131 Perry St, New York, NY 10014",Manhattan,131 Perry St,New York,10014,40.7350926,-74.0076617,892a10721afffff,FALSE,5,48,"https://search.google.com/local/reviews?placeid=ChIJp_rRfKBZwokRz9fWgDL7pis&q=run+club,+Queens,+NY&authuser=0&hl=en&gl=US",,https://lh3.googleusercontent.com/gps-cs-s/AC9h4np-7C3F8q_CUGna29L1VpSLCyzAJf-EpyrFrnvaULQyfCD4ebTXKTQUy0p_cQFFZln8LqD6SipaM6y7zjKlMLga2TCb5vDXS0mEoiKELrF5il920MeCQ_Ib7zNmTDDzZsrRiJg3=w800-h500-k-no,OPERATIONAL,"{""Accessibility"": {""Wheelchair accessible entrance"": true, ""Wheelchair accessible parking lot"": false}, ""Planning"": {""Membership required"": true}, ""Payments"": {""Debit cards"": true, ""Credit cards"": true}}",https://lh3.googleusercontent.com/-88uAQFdXH3w/AAAAAAAAAAI/AAAAAAAAAAA/MysTibofiHo/s44-p-k-no-ns-nd/photo.jpg,,"https://www.google.com/maps/place/West+Village+Athletic+%28WVA%29/@40.7350926,-74.0076617,14z/data=!4m8!1m2!2m1!1sWest+Village+Athletic+%28WVA%29!3m4!1s0x89c259a07cd1faa7:0x2ba6fb3280d6d7cf!8m2!3d40.7350926!4d-74.0076617",members@athleticclubsgroup.com
New York Road Runners,http://nyrr.org/,Non-profit organization,,"Bronx, NY 10473",East Bronx,,Bronx,10473,40.8186607,-73.8431281,892a100180fffff,FALSE,3.5,8,"https://search.google.com/local/reviews?placeid=ChIJsSd0vdT0wokRuvRu-XMHEiE&q=run+club,+Queens,+NY&authuser=0&hl=en&gl=US",,https://streetviewpixels-pa.googleapis.com/v1/thumbnail?panoid=1KBT3U1t1X38tbks5ZQhGg&cb_client=search.gws-prod.gps&w=800&h=500&yaw=301.305&pitch=0&thumbfov=100,OPERATIONAL,"{""Accessibility"": {""Wheelchair accessible entrance"": true}}",,,"https://www.google.com/maps/place/New+York+Road+Runners/@40.818660699999995,-73.8431281,14z/data=!4m8!1m2!2m1!1sNew+York+Road+Runners!3m4!1s0x89c2f4d4bd7427b1:0x21120773f96ef4ba!8m2!3d40.818660699999995!4d-73.8431281",dshumanski@nyrr.org
Brooklyn Running Company,https://www.brooklynrunningco.com/,Running store,+1 347-916-1173,"480 Bergen St, Brooklyn, NY 11217",Park Slope,480 Bergen St,Brooklyn,11217,40.6806662,-73.9754684,892a100da77ffff,FALSE,4.8,301,"https://search.google.com/local/reviews?placeid=ChIJ-_xkhiRbwokRnMxuVyUDFew&q=run+club,+Queens,+NY&authuser=0&hl=en&gl=US",,https://lh3.googleusercontent.com/gps-cs-s/AC9h4nruTdqKzworz_oPCR0LNLy2TxxSPhlaGGkg0jo3vyC-vmsQeznM0POErqsUFyjuaDroiep3gsZLS6xor_hR310bgsERYa9hq_RJzcZKdyI80y3oudBj3Pfz_ZInfx8amT3eimM=w800-h500-k-no,OPERATIONAL,"{""Service options"": {""In-store pickup"": true, ""In-store shopping"": true, ""Onsite services"": true}, ""Accessibility"": {""Wheelchair accessible entrance"": true, ""Wheelchair accessible parking lot"": false}, ""Amenities"": {""Gender-neutral restroom"": true}, ""Crowd"": {""LGBTQ+ friendly"": true, ""Transgender safespace"": true}, ""Planning"": {""Quick visit"": true}, ""Payments"": {""Credit cards"": true, ""Debit cards"": true, ""NFC mobile payments"": true}, ""Other"": {""LGBTQ+ friendly"": true}}",https://lh4.googleusercontent.com/-t65P-hrai1A/AAAAAAAAAAI/AAAAAAAAAAA/J-zgSkk0zls/s44-p-k-no-ns-nd/photo.jpg,,"https://www.google.com/maps/place/Brooklyn+Running+Company/@40.6806662,-73.9754684,14z/data=!4m8!1m2!2m1!1sBrooklyn+Running+Company!3m4!1s0x89c25b248664fcfb:0xec150325576ecc9c!8m2!3d40.6806662!4d-73.9754684",steven@brooklynrunningco.com
Super Runners Shop,http://www.superrunnersshop.com/,Running store,+1 212-398-2449,"745 7th Ave, New York, NY 10019",Manhattan,745 7th Ave,New York,10019,40.7605689,-73.9833623,892a100d647ffff,FALSE,4.3,268,"https://search.google.com/local/reviews?placeid=ChIJYxQ8G1ZYwokRBDuFiPc9YNY&q=run+club,+Queens,+NY&authuser=0&hl=en&gl=US",,https://lh3.googleusercontent.com/gps-cs-s/AC9h4nrgY-kpfnn5huJhpakFgq9ESXpjJEg6SYNYWd8-0p3nbpBvkUgOP3s6BAIOGMbVJFGStSbKl7kqCPWrvyvZ8APw72fypFS_58ZDmkT0HYaUJi6mSA1Q9W9TtHhy9cX7RRYgnRUEog=w800-h500-k-no,OPERATIONAL,"{""Service options"": {""In-store pickup"": true, ""In-store shopping"": true, ""Onsite services"": true}, ""Accessibility"": {""Wheelchair accessible entrance"": true}, ""Crowd"": {""LGBTQ+ friendly"": true}, ""Planning"": {""Quick visit"": true}, ""Payments"": {""Credit cards"": true, ""Debit cards"": true, ""NFC mobile payments"": true}, ""Other"": {""LGBTQ+ friendly"": true}}",https://lh5.googleusercontent.com/-ggjoDdzCFTQ/AAAAAAAAAAI/AAAAAAAAAAA/L097tjTgPSU/s44-p-k-no-ns-nd/photo.jpg,"Retailer selling name-brand running shoes, socks, tech apparel & gear for men & women.","https://www.google.com/maps/place/Super+Runners+Shop/@40.760568899999996,-73.9833623,14z/data=!4m8!1m2!2m1!1sSuper+Runners+Shop!3m4!1s0x89c258561b3c1463:0xd6603df788853b04!8m2!3d40.760568899999996!4d-73.9833623",info@superrunnersshop.com
Brooklyn Running Company,http://brooklynrunningco.com/,Running store,+1 718-782-7866,"222 Grand St, Brooklyn, NY 11211",Williamsburg,222 Grand St,Brooklyn,11211,40.713615,-73.959733,892a100dec3ffff,FALSE,4.8,408,"https://search.google.com/local/reviews?placeid=ChIJBTbwdGBZwokRalHpvpAUBuc&q=run+club,+Queens,+NY&authuser=0&hl=en&gl=US",,https://lh3.googleusercontent.com/p/AF1QipMBME5pgxzD03QwYjOZmU_4mE7AVFBqQkQPr0gJ=w800-h500-k-no,OPERATIONAL,"{""Service options"": {""Curbside pickup"": true, ""Delivery"": true, ""In-store pickup"": true, ""In-store shopping"": true, ""Onsite services"": true, ""Same-day delivery"": false}, ""Accessibility"": {""Wheelchair accessible entrance"": true}, ""Amenities"": {""Gender-neutral restroom"": true}, ""Crowd"": {""LGBTQ+ friendly"": true, ""Transgender safespace"": true}, ""Planning"": {""Quick visit"": true}, ""Payments"": {""Credit cards"": true, ""Debit cards"": true, ""NFC mobile payments"": true}, ""Other"": {""LGBTQ+ friendly"": true}}",https://lh6.googleusercontent.com/-IFk5sbzYoSM/AAAAAAAAAAI/AAAAAAAAAAA/3jq3QcVcbtw/s44-p-k-no-ns-nd/photo.jpg,"Airy, brick-lined running shop for brand-name footwear, apparel & accessories, plus niche offerings.","https://www.google.com/maps/place/Brooklyn+Running+Company/@40.713615,-73.959733,14z/data=!4m8!1m2!2m1!1sBrooklyn+Running+Company!3m4!1s0x89c2596074f03605:0xe7061490bee9516a!8m2!3d40.713615!4d-73.959733",steven@brooklynrunningco.com
"HOKA Store Flatiron, NY",https://www.hoka.com/en/us?utm_source=gbp,Shoe store,+1 347-983-5020,"172 5th Ave, New York, NY 10010",Manhattan,172 5th Ave,New York,10010,40.7411141,-73.9902674,892a100d20bffff,FALSE,3.6,469,"https://search.google.com/local/reviews?placeid=ChIJR4n892NZwokRIbJ7VUskdSM&q=run+club,+Queens,+NY&authuser=0&hl=en&gl=US",,https://lh3.googleusercontent.com/gps-cs-s/AC9h4np05FQgwgemdtNNdeD5qpqRuiRiNFTm3IBQN7j3uJ7N53abHi8TMQhuG_MZJinwi73tKrMnHPYGjtckMAyJ-E9AF9vOrcKB4eMZkIJVSr-OLJE0KMOzVL6LHQdbFtDLyQWvRcp5=w800-h500-k-no,OPERATIONAL,"{""Service options"": {""In-store pickup"": true, ""In-store shopping"": true, ""Onsite services"": true}, ""Accessibility"": {""Wheelchair accessible entrance"": true, ""Wheelchair accessible parking lot"": false}, ""Planning"": {""Quick visit"": true}, ""Payments"": {""Credit cards"": true, ""Debit cards"": true, ""NFC mobile payments"": true}}",https://lh3.googleusercontent.com/-4cMYNccs4Y8/AAAAAAAAAAI/AAAAAAAAAAA/5UyPtQAOiIc/s44-p-k-no-ns-nd/photo.jpg,,"https://www.google.com/maps/place/HOKA+Store+Flatiron%2C+NY/@40.7411141,-73.9902674,14z/data=!4m8!1m2!2m1!1sHOKA+Store+Flatiron%2C+NY!3m4!1s0x89c25963f7fc8947:0x2375244b557bb221!8m2!3d40.7411141!4d-73.9902674",fbsupport@deckers.com
Splits Run Crew,https://www.splitsrun.com/,Social club,,"198 Columbus Pkwy, Mineola, NY 11501",None,198 Columbus Pkwy,Mineola,11501,40.7501572,-73.6307013,892a100630bffff,FALSE,5,13,"https://search.google.com/local/reviews?placeid=ChIJLXvQ03WHwokR7bB1DW8oM6c&q=run+club,+Queens,+NY&authuser=0&hl=en&gl=US",,https://lh3.googleusercontent.com/p/AF1QipOKSaCSkDUcpGRzXi2yG5w5-VqwGxSR69DN9ol7=w800-h500-k-no,OPERATIONAL,"{""From the business"": {""Identifies as women-owned"": true}, ""Accessibility"": {""Wheelchair accessible parking lot"": true}, ""Crowd"": {""LGBTQ+ friendly"": true, ""Transgender safespace"": true}, ""Other"": {""LGBTQ+ friendly"": true, ""Identifies as women-owned"": true}}",https://lh6.googleusercontent.com/-4LQUd85QFzQ/AAAAAAAAAAI/AAAAAAAAAAA/vfSV7NypTUM/s44-p-k-no-ns-nd/photo.jpg,,"https://www.google.com/maps/place/Splits+Run+Crew/@40.7501572,-73.6307013,14z/data=!4m8!1m2!2m1!1sSplits+Run+Crew!3m4!1s0x89c28775d3d07b2d:0xa733286f0d75b0ed!8m2!3d40.7501572!4d-73.6307013",hi@splitsrun.com
Brooklyn Heights Run Club,https://healthhoundusa.wixsite.com/bkhrc,Club,,,,,,,40.6452314,-73.9448356,892a1076677ffff,TRUE,,,,,,OPERATIONAL,"{""Crowd"": {""LGBTQ+ friendly"": true}, ""Other"": {""LGBTQ+ friendly"": true}}",https://lh3.googleusercontent.com/-TYDR0qKDwow/AAAAAAAAAAI/AAAAAAAAAAA/EkOKK2kREtw/s44-p-k-no-ns-nd/photo.jpg,,"https://www.google.com/maps/place/Brooklyn+Heights+Run+Club/@40.6452314,-73.94483559999999,14z/data=!4m8!1m2!2m1!1sBrooklyn+Heights+Run+Club!3m4!1s0x4af35a3c6bb4e80f:0x91170782fdc0a416!8m2!3d40.6452314!4d-73.94483559999999",
adidas Runners NYC Loft,,Gym,,"67 Greene St, New York, NY 10012",Manhattan,67 Greene St,New York,10012,40.7231016,-74.0010785,892a1072c03ffff,FALSE,,,,,https://streetviewpixels-pa.googleapis.com/v1/thumbnail?panoid=D5HiOo5ALAtuqGSBX4XkBw&cb_client=search.gws-prod.gps&w=800&h=500&yaw=332.47928&pitch=0&thumbfov=100,CLOSED_TEMPORARILY,{},,,"https://www.google.com/maps/place/adidas+Runners+NYC+Loft/@40.7231016,-74.00107849999999,14z/data=!4m8!1m2!2m1!1sadidas+Runners+NYC+Loft!3m4!1s0x89c2591ee1bed53f:0xb12e883682902701!8m2!3d40.7231016!4d-74.00107849999999",
Russian Running Club NYC,,Sports club,,"1501 Voorhies Ave, Brooklyn, NY 11235",Sheepshead Bay,1501 Voorhies Ave,Brooklyn,11235,40.5859085,-73.9537896,892a107452bffff,FALSE,,,,,https://streetviewpixels-pa.googleapis.com/v1/thumbnail?panoid=_sm8g5fDj_LbYoZ_19MRyA&cb_client=search.gws-prod.gps&w=800&h=500&yaw=283.67325&pitch=0&thumbfov=100,OPERATIONAL,{},https://lh5.googleusercontent.com/-2ztvrS3DldE/AAAAAAAAAAI/AAAAAAAAAAA/F6z9MpPwEsY/s44-p-k-no-ns-nd/photo.jpg,,"https://www.google.com/maps/place/Russian+Running+Club+NYC/@40.585908499999995,-73.9537896,14z/data=!4m8!1m2!2m1!1sRussian+Running+Club+NYC!3m4!1s0x89c2450b42d59297:0x8b9e6c0e8f93319e!8m2!3d40.585908499999995!4d-73.9537896",russianrunningnyc@gmail.com
Ocean Parkway Runners,http://www.oceanparkwayrunners.com/,Non-profit organization,+1 917-533-5729,"1724 E 12th St, Brooklyn, NY 11229",Homecrest,1724 E 12th St,Brooklyn,11229,40.6072116,-73.9610928,892a1074433ffff,FALSE,,,,,https://lh3.googleusercontent.com/p/AF1QipNerT_G30oURt4HtI7gsa4lSyH2bH0R1pJN34Wu=w800-h500-k-no,OPERATIONAL,{},https://lh4.googleusercontent.com/-glL0aSKzzcc/AAAAAAAAAAI/AAAAAAAAAAA/66DUFYYOzu0/s44-p-k-no-ns-nd/photo.jpg,,"https://www.google.com/maps/place/Ocean+Parkway+Runners/@40.6072116,-73.9610928,14z/data=!4m8!1m2!2m1!1sOcean+Parkway+Runners!3m4!1s0x89c244eceaef1773:0x12d7190f4c9538cf!8m2!3d40.6072116!4d-73.9610928",oceanparkwayrunners@gmail.com
McCarren Park Track,https://www.nycgovparks.org/parks/mccarren-park/facilities/runningtracks,attractions,+1 212-639-9675,"769 Lorimer St, Brooklyn, NY 11222",Williamsburg,769 Lorimer St,Brooklyn,11222,40.7200368,-73.9517251,892a100d163ffff,FALSE,4.7,896,"https://search.google.com/local/reviews?placeid=ChIJr5RcN1tZwokRg_zJdgqowIk&q=run+club,+Brooklyn,+NY&authuser=0&hl=en&gl=US",,https://lh3.googleusercontent.com/gps-cs-s/AC9h4nqEp0xv4DfdYE1QSsHUYxqpzv10V0q0ATcHB6jno5Wgg7G-WpLIFHCjDEOFwZTpOBj1iZBjmylS3Qz1KQni9dUVNI_7NXIW-9Fd1nx4arwZcBbEWXLu8s91HJJjsAKAYlwVv_fr=w800-h500-k-no,OPERATIONAL,"{""Accessibility"": {""Wheelchair accessible entrance"": true, ""Wheelchair accessible parking lot"": true}}",https://lh4.googleusercontent.com/-KhP5s5Zw8CA/AAAAAAAAAAI/AAAAAAAAAAA/kswFvlRS-Io/s44-p-k-no-ns-nd/photo.jpg,,"https://www.google.com/maps/place/McCarren+Park+Track/@40.720036799999995,-73.95172509999999,14z/data=!4m8!1m2!2m1!1sMcCarren+Park+Track!3m4!1s0x89c2595b375c94af:0x89c0a80a76c9fc83!8m2!3d40.720036799999995!4d-73.95172509999999",pressoffice@parks.nyc.gov
Empire Triathlon Club,https://empiretriclub.com/,Athletic club,,"10 Columbus Cir, New York, NY 10019",Manhattan,10 Columbus Cir,New York,10019,40.7680942,-73.9819336,892a100d6cbffff,FALSE,4.9,37,"https://search.google.com/local/reviews?placeid=ChIJTdSAbNL3wokR8r2lF-n1gvw&q=run+club,+Staten+Island,+NY&authuser=0&hl=en&gl=US",,https://lh3.googleusercontent.com/gps-cs-s/AC9h4nohv9UHyFTf6p2oIFssrbF0PjCL6z5ZHBv3y8hSX7QIYsuIkbrO9q6mVouM0w-LbkxPV1KXzPm2-bdrlJLv7ZG63ao0q6xGNFimlgBi2gis9nMUnbR_VpVx4PRdkY8XTGAv--ek=w800-h500-k-no,OPERATIONAL,"{""Accessibility"": {""Wheelchair accessible entrance"": true}}",https://lh5.googleusercontent.com/-nycc_PvHTI0/AAAAAAAAAAI/AAAAAAAAAAA/Snoara9-xLU/s44-p-k-no-ns-nd/photo.jpg,,"https://www.google.com/maps/place/Empire+Triathlon+Club/@40.7680942,-73.98193359999999,14z/data=!4m8!1m2!2m1!1sEmpire+Triathlon+Club!3m4!1s0x89c2f7d26c80d44d:0xfc82f5e917a5bdf2!8m2!3d40.7680942!4d-73.98193359999999",alison@empiretriclub.com
Gambit Running Club,,Athletic club,+1 917-371-0835,,,,,,40.5646056,-74.1468185,892a1062a2bffff,TRUE,,,,,,OPERATIONAL,{},https://lh3.googleusercontent.com/-vVrusuwHq0c/AAAAAAAAAAI/AAAAAAAAAAA/oCM43Ik0e3c/s44-p-k-no-ns-nd/photo.jpg,,"https://www.google.com/maps/place/Gambit+Running+Club/@40.5646056,-74.1468185,14z/data=!4m8!1m2!2m1!1sGambit+Running+Club!3m4!1s0x682c5d22b665fddb:0xabd664934e02c790!8m2!3d40.5646056!4d-74.1468185",
Achilles International,http://www.achillesinternational.org/,Disability services and support organization,+1 212-354-0300,"315 W 39th St Suite 205, New York, NY 10018",Manhattan,315 W 39th St Suite 205,New York,10018,40.7559406,-73.9920706,892a10725a7ffff,FALSE,4.2,41,"https://search.google.com/local/reviews?placeid=ChIJn7ARQapZwokRcnqs3lpYYB4&q=run+club,+Staten+Island,+NY&authuser=0&hl=en&gl=US",,https://lh3.googleusercontent.com/gps-cs-s/AC9h4nptJQrVtl1n1wd5UF0r13FKCPt9lMrDOz_F-7GfwfF3ZaM-4xzWLOlILdC4EmnwMtvMlLc1HWsp1N91eAvQHJ5bwdYFiqnbo_ucOpFB4OWN9C0uuBi6USEd0PeUhgV5yLXgtZExmg=w800-h500-k-no,OPERATIONAL,"{""Accessibility"": {""Wheelchair accessible entrance"": true}}",https://lh5.googleusercontent.com/-6tby0OF-5j4/AAAAAAAAAAI/AAAAAAAAAAA/hvtXP1LjF5I/s44-p-k-no-ns-nd/photo.jpg,,"https://www.google.com/maps/place/Achilles+International/@40.755940599999995,-73.99207059999999,14z/data=!4m8!1m2!2m1!1sAchilles+International!3m4!1s0x89c259aa4111b09f:0x1e60585adeac7a72!8m2!3d40.755940599999995!4d-73.99207059999999",ecox@achillesinternational.org
Equinox Hudson Yards,https://www.equinox.com/clubs/new-york/midtown/hudsonyards?cid=gmb,Gym,+1 212-328-9050,"32 Hudson Yards, New York, NY 10001",Manhattan,32 Hudson Yards,New York,10001,40.7546234,-74.0022048,892a107253bffff,FALSE,3.8,572,"https://search.google.com/local/reviews?placeid=ChIJKylnGIFZwokRtpZp0G8MR40&q=run+club,+Staten+Island,+NY&authuser=0&hl=en&gl=US",,https://lh3.googleusercontent.com/gps-cs-s/AC9h4nprWORGwKwIw-NwtzleIuoj3h7LK4UjxqIWnTaHCJWxBQc5F4iaqogHWC6F16zVmW-92ZqhqB_qfIoOwck2GA_30rBL1h-5JouuLe3B5eaYsFiGs2OUeBLXLHS5_brER1HvqV0QXQ=w800-h500-k-no,OPERATIONAL,"{""Service options"": {""Online classes"": true, ""Onsite services"": true}, ""Accessibility"": {""Wheelchair accessible entrance"": true}, ""Offerings"": {""Sauna"": true}, ""Amenities"": {""Swimming pool"": true, ""Wi-Fi"": true}, ""Atmosphere"": {""Shower"": true}, ""Planning"": {""Membership required"": true}, ""Payments"": {""Credit cards"": true, ""Debit cards"": true, ""NFC mobile payments"": true}}",https://lh3.googleusercontent.com/-JvIAid8jaUw/AAAAAAAAAAI/AAAAAAAAAAA/FTELB4Erb0I/s44-p-k-no-ns-nd/photo.jpg,,"https://www.google.com/maps/place/Equinox+Hudson+Yards/@40.7546234,-74.0022048,14z/data=!4m8!1m2!2m1!1sEquinox+Hudson+Yards!3m4!1s0x89c259811867292b:0x8d470c6fd06996b6!8m2!3d40.7546234!4d-74.0022048",privacy@equinox.com
Bandit Running,https://banditrunning.com/,Running store,,"37 Noble St, Brooklyn, NY 11222",Greenpoint,37 Noble St,Brooklyn,11222,40.7283678,-73.9593583,892a100d397ffff,FALSE,4.2,38,"https://search.google.com/local/reviews?placeid=ChIJ3b_YbndZwokRbniSL-oMKWE&q=run+club,+Staten+Island,+NY&authuser=0&hl=en&gl=US",,https://lh3.googleusercontent.com/gps-cs-s/AC9h4nrmIA6RewdvsS_6f4M3PjJwJ6Rhg8h9nahudFTq1uxkIYOz9IjKkLRUQ5Modb7TWSU3zMGBhLFBsYg8y5O-maSCxLZGHlDyygFjBGojc3tjNwzpVYGTB21L6Y06F7EGslGfAIss=w800-h500-k-no,OPERATIONAL,"{""From the business"": {""Small business"": true}, ""Service options"": {""In-store pickup"": true}, ""Accessibility"": {""Wheelchair accessible entrance"": true, ""Wheelchair accessible parking lot"": false}, ""Planning"": {""Quick visit"": true}, ""Payments"": {""Credit cards"": true}}",https://lh3.googleusercontent.com/-slIcvFE8wW0/AAAAAAAAAAI/AAAAAAAAAAA/CVgzmqO3IvE/s44-p-k-no-ns-nd/photo.jpg,,"https://www.google.com/maps/place/Bandit+Running/@40.7283678,-73.95935829999999,14z/data=!4m8!1m2!2m1!1sBandit+Running!3m4!1s0x89c259776ed8bfdd:0x61290cea2f92786e!8m2!3d40.7283678!4d-73.95935829999999",yo@banditrunning.com
Hive Athletic,http://www.hiveathletic.com/,Sports club,+1 201-528-5129,"330 Washington St, Hoboken, NJ 07030",None,330 Washington St,Hoboken,07030,40.7410822,-74.0299961,892a107214fffff,FALSE,4.5,28,"https://search.google.com/local/reviews?placeid=ChIJpW-EOVdXwokRIbriAti2NaY&q=run+club,+Staten+Island,+NY&authuser=0&hl=en&gl=US",,https://lh3.googleusercontent.com/p/AF1QipMOffxZ2wU33SVNQMyRt1OqnL80-nCyc5vAY5St=w800-h500-k-no,OPERATIONAL,{},https://lh6.googleusercontent.com/-ysFG_GJKCuA/AAAAAAAAAAI/AAAAAAAAAAA/oFJIffPaGXQ/s44-p-k-no-ns-nd/photo.jpg,,"https://www.google.com/maps/place/Hive+Athletic/@40.7410822,-74.02999609999999,14z/data=!4m8!1m2!2m1!1sHive+Athletic!3m4!1s0x89c2575739846fa5:0xa635b6d802e2ba21!8m2!3d40.7410822!4d-74.02999609999999",info@hiveathletic.com
Fleet Feet Hoboken,http://www.fleetfeethoboken.com/,Running store,+1 201-533-1200,"604 Washington St, Hoboken, NJ 07030",None,604 Washington St,Hoboken,07030,40.7437197,-74.0292554,892a1072143ffff,FALSE,4.8,210,"https://search.google.com/local/reviews?placeid=ChIJu-0BkN9ZwokRVy2WyI63dD4&q=run+club,+Staten+Island,+NY&authuser=0&hl=en&gl=US",,https://lh3.googleusercontent.com/gps-cs-s/AC9h4npNvWBQbBo8j_uEQUt2r4BXZOwL-EKO9QA2BOzYgj6YNwLrCpdXQLY8HStrJ5EJ4npKqSyzX8pQcvmQ9u2-H6WoyoA82pzloLi-CFEr0BkYyBl290bsnLcmk8txIbtqYwXOtgta=w800-h500-k-no,OPERATIONAL,"{""Service options"": {""Curbside pickup"": true, ""Delivery"": true, ""In-store shopping"": true, ""Onsite services"": true, ""Same-day delivery"": false}, ""Accessibility"": {""Wheelchair accessible entrance"": true}, ""Amenities"": {""Gender-neutral restroom"": true}, ""Crowd"": {""LGBTQ+ friendly"": true, ""Transgender safespace"": true}, ""Planning"": {""Quick visit"": true}, ""Payments"": {""Credit cards"": true, ""Debit cards"": true, ""NFC mobile payments"": true}, ""Parking"": {""Paid parking garage"": true, ""Paid street parking"": true}, ""Other"": {""LGBTQ+ friendly"": true}}",https://lh5.googleusercontent.com/-rezn1CETZLw/AAAAAAAAAAI/AAAAAAAAAAA/fePpMFxrgIA/s44-p-k-no-ns-nd/photo.jpg,"Retail chain stocking athletic shoes, apparel & accessories geared toward runners.","https://www.google.com/maps/place/Fleet+Feet+Hoboken/@40.7437197,-74.0292554,14z/data=!4m8!1m2!2m1!1sFleet+Feet+Hoboken!3m4!1s0x89c259df9001edbb:0x3e74b78ec8962d57!8m2!3d40.7437197!4d-74.0292554",info@fleetfeethoboken.com
New York Adventure Club,https://www.nyadventureclub.com/,Event ticket seller,,"136 E 55th St, New York, NY 10022",Manhattan,136 E 55th St,New York,10022,40.75933,-73.9698713,892a100d607ffff,FALSE,4.9,42,"https://search.google.com/local/reviews?placeid=ChIJz0Sw3MFZwokRDJUw5q-g95s&q=run+club,+Staten+Island,+NY&authuser=0&hl=en&gl=US",,https://lh3.googleusercontent.com/p/AF1QipM8GgzwLyHSTz4aCgcSoRRLERpfvNPqoWCfhj7m=w800-h500-k-no,OPERATIONAL,{},https://lh5.googleusercontent.com/-9N1hFjT97FM/AAAAAAAAAAI/AAAAAAAAAAA/pWiH7ikV1bM/s44-p-k-no-ns-nd/photo.jpg,,"https://www.google.com/maps/place/New+York+Adventure+Club/@40.75933,-73.9698713,14z/data=!4m8!1m2!2m1!1sNew+York+Adventure+Club!3m4!1s0x89c259c1dcb044cf:0x9bf7a0afe630950c!8m2!3d40.75933!4d-73.9698713",corey@nyadventureclub.com
Rapha New York,https://content.rapha.cc/us/en/clubhouses/new-york,Sportswear store,+1 332-330-3071,"159 Prince St, New York, NY 10012",Manhattan,159 Prince St,New York,10012,40.7260375,-74.0012548,892a1072c13ffff,FALSE,4.1,257,"https://search.google.com/local/reviews?placeid=ChIJzYyM0I1ZwokR4pGMbtSi4-U&q=run+club,+Staten+Island,+NY&authuser=0&hl=en&gl=US",,https://lh3.googleusercontent.com/gps-cs-s/AC9h4npbBFHaWrJcBlDWtoV25gc3-9JHZfwTvI0a_TprkvtxoudJgHA8nlON4y4k_6XzmILQDM9CVc-j2DFEXLUsJdZx_SyYbEbnfO7x7FViTSOt-NYc9om-iqaOv75NL8ckFCIPM2TpUw=w800-h500-k-no,OPERATIONAL,"{""Service options"": {""In-store shopping"": true, ""Onsite services"": true, ""Same-day delivery"": false}, ""Accessibility"": {""Wheelchair accessible entrance"": true, ""Wheelchair accessible parking lot"": false}, ""Amenities"": {""Restroom"": true}, ""Planning"": {""Quick visit"": true}, ""Payments"": {""Credit cards"": true, ""Debit cards"": true, ""NFC mobile payments"": true}}",https://lh4.googleusercontent.com/-IUavD6N7G3Y/AAAAAAAAAAI/AAAAAAAAAAA/YCG00Orv4lI/s44-p-k-no-ns-nd/photo.jpg,"Minimalist cycling shop & coffeehouse pairing apparel with java, artwork & screenings of live races.","https://www.google.com/maps/place/Rapha+New+York/@40.7260375,-74.0012548,14z/data=!4m8!1m2!2m1!1sRapha+New+York!3m4!1s0x89c2598dd08c8ccd:0xe5e3a2d46e8c91e2!8m2!3d40.7260375!4d-74.0012548",enquiries@rapha.cc
Chilltown Street Club,https://www.instagram.com/chilltownstreetclub/,Physical fitness program,,"120 Newark Ave, Jersey City, NJ 07302",The Waterfront,120 Newark Ave,Jersey City,07302,40.7200413,-74.0427234,892a1072e7bffff,FALSE,,,,,https://streetviewpixels-pa.googleapis.com/v1/thumbnail?panoid=t1vEJ3kM5wK5vvI_Aaa0bw&cb_client=search.gws-prod.gps&w=800&h=500&yaw=75.043594&pitch=0&thumbfov=100,OPERATIONAL,{},https://lh3.googleusercontent.com/-MIIiHfsKVGI/AAAAAAAAAAI/AAAAAAAAAAA/-EPPbuJTtMY/s44-p-k-no-ns-nd/photo.jpg,,"https://www.google.com/maps/place/Chilltown+Street+Club/@40.7200413,-74.0427234,14z/data=!4m8!1m2!2m1!1sChilltown+Street+Club!3m4!1s0x89c251d7b25a6355:0x5fe6f41969c596b8!8m2!3d40.7200413!4d-74.0427234",
iON-Performance,https://www.ionperformancecare.com/,Wellness center,+1 973-494-6737,"300 Communipaw Ave, Jersey City, NJ 07304",None,300 Communipaw Ave,Jersey City,07304,40.7101099,-74.0595712,892a107052fffff,FALSE,4.9,17,"https://search.google.com/local/reviews?placeid=ChIJ_TKLULpRwokR_dbI4V3MvOc&q=run+club,+Staten+Island,+NY&authuser=0&hl=en&gl=US",,https://lh3.googleusercontent.com/p/AF1QipOnnFgnI20pdxVva9a5ZC2R_ki8LrMrIBHc-EDX=w800-h500-k-no,OPERATIONAL,"{""Payments"": {""Credit cards"": true}}",https://lh6.googleusercontent.com/-cnu6SLBEJmo/AAAAAAAAAAI/AAAAAAAAAAA/4fm4YAPDn8Q/s44-p-k-no-ns-nd/photo.jpg,,"https://www.google.com/maps/place/iON-Performance/@40.7101099,-74.0595712,14z/data=!4m8!1m2!2m1!1siON-Performance!3m4!1s0x89c251ba508b32fd:0xe7bccc5de1c8d6fd!8m2!3d40.7101099!4d-74.0595712",anthonydavis@ionperformancecare.com
Harmonie Club,https://www.harmonieclub.org/,Social club,+1 212-355-7400,"4 E 60th St, New York, NY 10022",Manhattan,4 E 60th St,New York,10022,40.7644444,-73.9719444,892a100d613ffff,FALSE,4.6,130,"https://search.google.com/local/reviews?placeid=ChIJl0OgF_BYwokR4oiYWv9mJYs&q=run+club,+Staten+Island,+NY&authuser=0&hl=en&gl=US",,https://lh3.googleusercontent.com/gps-cs-s/AC9h4nr-G3lcHTiJRufAaxmUF_ehpcPNthsKZGUZ5fCvOi6wGjZTFApFWHm_vEMM4kJcWYt_TndTQxhBW5JPsDRGJvOI2eZaejqHCwAdk8Tk2TzZzO0i8kwwwd0d0WAp_4mMB84gfEXH=w800-h500-k-no,OPERATIONAL,"{""Payments"": {""Debit cards"": true, ""NFC mobile payments"": true, ""Credit cards"": true}, ""Parking"": {""Paid street parking"": true}}",,,"https://www.google.com/maps/place/Harmonie+Club/@40.764444399999995,-73.9719444,14z/data=!4m8!1m2!2m1!1sHarmonie+Club!3m4!1s0x89c258f017a04397:0x8b2566ff5a9888e2!8m2!3d40.764444399999995!4d-73.9719444",leopoldo@harmonieclub.org
Athletes Unlimited LLC,http://auprosports.com/,Leagues club,,"888 7th Ave, New York, NY 10106",Manhattan,888 7th Ave,New York,10106,40.7652747,-73.9807922,892a100d653ffff,FALSE,3.6,5,"https://search.google.com/local/reviews?placeid=ChIJXxV01DhZwokR8MF4q6dQH7c&q=run+club,+Staten+Island,+NY&authuser=0&hl=en&gl=US",,https://lh3.googleusercontent.com/p/AF1QipMd-8nbH49ZJyFGoNR82U1ZKfGZoOLaVeH2yCDR=w800-h500-k-no,OPERATIONAL,"{""Accessibility"": {""Wheelchair accessible entrance"": true}}",https://lh6.googleusercontent.com/-CobNcZA0UJw/AAAAAAAAAAI/AAAAAAAAAAA/VnMtw_peiSw/s44-p-k-no-ns-nd/photo.jpg,,"https://www.google.com/maps/place/Athletes+Unlimited+LLC/@40.7652747,-73.9807922,14z/data=!4m8!1m2!2m1!1sAthletes+Unlimited+LLC!3m4!1s0x89c25938d474155f:0xb71f50a7ab78c1f0!8m2!3d40.7652747!4d-73.9807922",spencer@auprosports.com
Hoops Klub,https://hoopsklub.com/,Basketball court,+1 929-242-4546,"28 Cumberland St, Brooklyn, NY 11205",Fort Greene,28 Cumberland St,Brooklyn,11205,40.69709,-73.97492,892a100dadbffff,FALSE,5,72,"https://search.google.com/local/reviews?placeid=ChIJw0qaIgBbwokRu1wkG7TGRZg&q=run+club,+Staten+Island,+NY&authuser=0&hl=en&gl=US",,https://lh3.googleusercontent.com/p/AF1QipPcjGlwjPi9P6r7tuGtj7BsfIAyWRBiqbk_5cNQ=w800-h500-k-no,OPERATIONAL,"{""Service options"": {""Onsite services"": false}, ""Accessibility"": {""Wheelchair accessible entrance"": true, ""Wheelchair accessible parking lot"": true, ""Wheelchair accessible restroom"": true, ""Wheelchair accessible seating"": true}, ""Amenities"": {""Gender-neutral restroom"": true}, ""Payments"": {""Checks"": true, ""Credit cards"": true, ""Debit cards"": true, ""NFC mobile payments"": true}, ""Parking"": {""Free street parking"": true, ""On-site parking"": true}}",https://lh4.googleusercontent.com/-VQ6UFsGngj8/AAAAAAAAAAI/AAAAAAAAAAA/IpKgk-yXaoo/s44-p-k-no-ns-nd/photo.jpg,,"https://www.google.com/maps/place/Hoops+Klub/@40.697089999999996,-73.97492,14z/data=!4m8!1m2!2m1!1sHoops+Klub!3m4!1s0x89c25b00229a4ac3:0x9845c6b41b245cbb!8m2!3d40.697089999999996!4d-73.97492",hello@unitedofweb.com
ZogSports,https://www.zogsports.com/,Sports club,,"500 7th Ave, New York, NY 10018",Manhattan,500 7th Ave,New York,10018,40.7531386,-73.9894616,892a100d2d3ffff,FALSE,4.1,289,"https://search.google.com/local/reviews?placeid=ChIJpwaaIKpZwokRJUTawnXAE8c&q=run+club,+Staten+Island,+NY&authuser=0&hl=en&gl=US",,https://lh3.googleusercontent.com/p/AF1QipMbE8-vW4CsCBVuv5umHPIs3R20le1lpMeRO2qq=w800-h500-k-no,OPERATIONAL,"{""Accessibility"": {""Wheelchair accessible entrance"": true}}",https://lh4.googleusercontent.com/-ACR_YW7dKEc/AAAAAAAAAAI/AAAAAAAAAAA/io-ohTbRXO4/s44-p-k-no-ns-nd/photo.jpg,,"https://www.google.com/maps/place/ZogSports/@40.7531386,-73.9894616,14z/data=!4m8!1m2!2m1!1sZogSports!3m4!1s0x89c259aa209a06a7:0xc713c075c2da4425!8m2!3d40.7531386!4d-73.9894616",devin@zogsports.com
BRHQ,https://www.instagram.com/bridgerunners/?hl=en,Gym,,"67 Loisaida Ave, New York, NY 10009",Manhattan,67 Loisaida Ave,New York,10009,40.7228271,-73.9800815,892a100d347ffff,FALSE,5,2,"https://search.google.com/local/reviews?placeid=ChIJQ8buzdBZwokRydmjPAAiLcI&q=run+club,+Staten+Island,+NY&authuser=0&hl=en&gl=US",,https://lh3.googleusercontent.com/gps-cs-s/AC9h4nrGpPO2loLNL4cy0obZ3Fc3nt7TBQOu8KbNYmEg2cuq2QVHdlsq3a8v-KsisDOeLqEUuvyecnFnJlgykqAH5KwUwMnUv55HScZUSTBN9JGj3yXZgkMZjePgfxrOxxLF7wIo1DDk=w800-h500-k-no,OPERATIONAL,{},,,"https://www.google.com/maps/place/BRHQ/@40.722827099999996,-73.9800815,14z/data=!4m8!1m2!2m1!1sBRHQ!3m4!1s0x89c259d0cdeec643:0xc22d22003ca3d9c9!8m2!3d40.722827099999996!4d-73.9800815",
South Brooklyn Weightlifting Club,http://southbrooklynwc.com/,Gym,+1 718-243-2800,"267 Douglass St # 1, Brooklyn, NY 11217",Gowanus,267 Douglass St # 1,Brooklyn,11217,40.6805386,-73.9846347,892a100da6bffff,FALSE,4.9,136,"https://search.google.com/local/reviews?placeid=ChIJDTReqIhawokRPoeaj5ovhyk&q=run+club,+Staten+Island,+NY&authuser=0&hl=en&gl=US",,https://lh3.googleusercontent.com/gps-cs-s/AC9h4nrRoyew13s7VrSZPC9syoMH4cK6MYR7rRyiidRsD6vbv1ADJcDGzPJ-47Id421igNxa_s7d1jEuC0nvxNIkW4uRczBN5QA4AzTm-32Z3Y5tzpyEjcJyMGRGZa9oHK_ZTrizR7T1RQ=w800-h500-k-no,OPERATIONAL,"{""Service options"": {""Onsite services"": true, ""Online classes"": false}, ""Accessibility"": {""Wheelchair accessible entrance"": true, ""Wheelchair accessible restroom"": true, ""Wheelchair accessible seating"": true}, ""Offerings"": {""Sauna"": true}, ""Amenities"": {""Gender-neutral restroom"": true, ""Restroom"": true, ""Wi-Fi"": true, ""Swimming pool"": true}, ""Crowd"": {""LGBTQ+ friendly"": true}, ""Planning"": {""Appointment required"": true, ""Membership required"": true}, ""Payments"": {""Credit cards"": true, ""Debit cards"": true}, ""Parking"": {""Free street parking"": true}, ""Other"": {""LGBTQ+ friendly"": true}}",https://lh4.googleusercontent.com/-vTR91yCEb2U/AAAAAAAAAAI/AAAAAAAAAAA/E5NmLxQWTiA/s44-p-k-no-ns-nd/photo.jpg,,"https://www.google.com/maps/place/South+Brooklyn+Weightlifting+Club/@40.6805386,-73.9846347,14z/data=!4m8!1m2!2m1!1sSouth+Brooklyn+Weightlifting+Club!3m4!1s0x89c25a88a85e340d:0x29872f9a8f9a873e!8m2!3d40.6805386!4d-73.9846347",paulie@southbrooklynwc.com
Hoboken Cove Community Boathouse,http://www.hobokencoveboathouse.org/,Non-profit organization,,"Frank Sinatra Dr, Hoboken, NJ 07030",None,Frank Sinatra Dr,Hoboken,07030,40.748367,-74.0239893,892a10721cbffff,FALSE,4.9,106,"https://search.google.com/local/reviews?placeid=ChIJhVOc1dtZwokR8ipBuxDZ5A8&q=run+club,+Staten+Island,+NY&authuser=0&hl=en&gl=US",,https://lh3.googleusercontent.com/gps-cs-s/AC9h4nrx4nIKqrObi_lY-uoAyEbpGeCcWFOBY0-NzXnSNPmJF8pcoujONDzLZZcNXx7hRNwLL_FP1iUC4ZDtpPDMJ-i6rP1GVaXNSyOUor3-jLkSOahEJIoqhcuFW79ximN2p_XRhNxGjw=w800-h500-k-no,OPERATIONAL,"{""From the business"": {""Identifies as veteran-owned"": true}, ""Accessibility"": {""Wheelchair accessible entrance"": true, ""Wheelchair accessible parking lot"": true, ""Wheelchair accessible restroom"": true}, ""Amenities"": {""Gender-neutral restroom"": true}, ""Crowd"": {""LGBTQ+ friendly"": true, ""Transgender safespace"": true}, ""Other"": {""LGBTQ+ friendly"": true, ""Identifies as veteran-owned"": true}}",https://lh3.googleusercontent.com/-HV26FuEqxA4/AAAAAAAAAAI/AAAAAAAAAAA/rakWrZddt1M/s44-p-k-no-ns-nd/photo.jpg,,"https://www.google.com/maps/place/Hoboken+Cove+Community+Boathouse/@40.748366999999995,-74.0239893,14z/data=!4m8!1m2!2m1!1sHoboken+Cove+Community+Boathouse!3m4!1s0x89c259dbd59c5385:0xfe4d910bb412af2!8m2!3d40.748366999999995!4d-74.0239893",info@hobokencoveboathouse.org
Greater Long Island Running,http://www.glirc.org/,Athletic club,+1 516-349-7646,"101 Dupont St # 24, Plainview, NY 11803",None,101 Dupont St # 24,Plainview,11803,40.7974224,-73.4643411,892a10ab55bffff,FALSE,4.9,13,"https://search.google.com/local/reviews?placeid=ChIJW4XqDQAq6IkR_sRShPHyOAA&q=run+club,+Long+Island,+NY&authuser=0&hl=en&gl=US",,https://lh3.googleusercontent.com/p/AF1QipNn4ovLNAJWQJ_KCLl0A-ue6SQfMB5v_3X7_5m0=w800-h500-k-no,OPERATIONAL,"{""Accessibility"": {""Wheelchair accessible entrance"": true, ""Wheelchair accessible parking lot"": true}}",https://lh5.googleusercontent.com/-ijDUrzXg7Mc/AAAAAAAAAAI/AAAAAAAAAAA/oC0RYEpA5Gw/s44-p-k-no-ns-nd/photo.jpg,,"https://www.google.com/maps/place/Greater+Long+Island+Running/@40.797422399999995,-73.4643411,14z/data=!4m8!1m2!2m1!1sGreater+Long+Island+Running!3m4!1s0x89e82a000dea855b:0x38f2f18452c4fe!8m2!3d40.797422399999995!4d-73.4643411",info@glirc.org
Striders Track â€“ Running Club,http://striderstrack.org/team/mario-chantes/,Association / Organization,+1 866-332-2985,"2863 Coddington Ave, Bronx, NY 10461",East Bronx,2863 Coddington Ave,Bronx,10461,40.8392178,-73.8331074,892a1001c47ffff,FALSE,,,,,https://streetviewpixels-pa.googleapis.com/v1/thumbnail?panoid=TGRf13S50wXxOhNw-H1aTg&cb_client=search.gws-prod.gps&w=800&h=500&yaw=315.10782&pitch=0&thumbfov=100,OPERATIONAL,{},,,"https://www.google.com/maps/place/Striders+Track+%E2%80%93+Running+Club/@40.8392178,-73.8331074,14z/data=!4m8!1m2!2m1!1sStriders+Track+%E2%80%93+Running+Club!3m4!1s0x89c28b4efd515555:0x5424d8c0e8813862!8m2!3d40.8392178!4d-73.8331074",info@striderstrack.org
Van Cortlandt Park Running Track,https://www.nycgovparks.org/parks/VanCortlandtPark/facilities/runningtracks,Athletic track,,"Broadway, Bronx, NY 10471",None,Broadway,Bronx,10471,40.8879763,-73.8981682,892a100a533ffff,FALSE,4.5,94,"https://search.google.com/local/reviews?placeid=ChIJ18IE-qTzwokRN30-8PdhG6g&q=run+club,+Bronx,+NY&authuser=0&hl=en&gl=US",,https://lh3.googleusercontent.com/gps-cs-s/AC9h4nqx0AW_WX7wVk_6-gimx4n0iJ5QP_seTR1yWMyVv8WkgF1IbWl1PPQkubAXF90eyB8v6gs4Z4ls4TgmC-lT3Mh_GijYTNwbRMk7jZ2lCxLijt_vyZinLwqTazrUTj__-uazXpg=w800-h500-k-no,OPERATIONAL,"{""Accessibility"": {""Wheelchair accessible entrance"": true, ""Wheelchair accessible parking lot"": true}}",https://lh4.googleusercontent.com/-qgBuK2au7jU/AAAAAAAAAAI/AAAAAAAAAAA/mZ4zwh38O4w/s44-p-k-no-ns-nd/photo.jpg,,"https://www.google.com/maps/place/Van+Cortlandt+Park+Running+Track/@40.8879763,-73.8981682,14z/data=!4m8!1m2!2m1!1sVan+Cortlandt+Park+Running+Track!3m4!1s0x89c2f3a4fa04c2d7:0xa81b61f7f03e7d37!8m2!3d40.8879763!4d-73.8981682",pressoffice@parks.nyc.gov
Hip-Hop Runzz LLC,http://www.hiphoprunzz.com/,Sports club,+1 917-818-4310,"4275 Park Ave Apt 206, Bronx, NY 10457",West Bronx,4275 Park Ave Apt 206,Bronx,10457,40.8492183,-73.8993289,892a100ac33ffff,FALSE,,,,,https://lh3.googleusercontent.com/p/AF1QipMCwznABNccoFE-mQd7tUm_2mSGU9s18h7YfTYv=w800-h500-k-no,OPERATIONAL,"{""From the business"": {""Identifies as Asian-owned"": true, ""Identifies as Black-owned"": true, ""Identifies as disabled-owned"": true, ""Identifies as Indigenous-owned"": true, ""Identifies as Latino-owned"": true, ""Identifies as LGBTQ+ owned"": true, ""Identifies as veteran-owned"": true, ""Identifies as women-owned"": true}, ""Service options"": {""Onsite services"": true}, ""Accessibility"": {""Wheelchair accessible seating"": true}, ""Amenities"": {""Swimming pool"": true}, ""Crowd"": {""LGBTQ+ friendly"": true, ""Transgender safespace"": true}, ""Other"": {""Identifies as Black-owned"": true, ""LGBTQ+ friendly"": true, ""Identifies as veteran-owned"": true, ""Identifies as women-owned"": true, ""Identifies as Latino-owned"": true, ""Identifies as Asian-owned"": true, ""Identifies as LGBTQ+ owned"": true, ""Identifies as disabled-owned"": true, ""Identifies as Indigenous-owned"": true}}",https://lh5.googleusercontent.com/-XfxZKcSQ0-4/AAAAAAAAAAI/AAAAAAAAAAA/6L0szSpd6Ow/s44-p-k-no-ns-nd/photo.jpg,,"https://www.google.com/maps/place/Hip-Hop+Runzz+LLC/@40.8492183,-73.8993289,14z/data=!4m8!1m2!2m1!1sHip-Hop+Runzz+LLC!3m4!1s0x89c2f5c37b0024dd:0xbd516fd67b3fdb21!8m2!3d40.8492183!4d-73.8993289",
"Ferox Ninja Park - Trampolines, Ninja gym, Parkour",https://feroxathletics.com/,Amusement center,+1 347-305-7448,"72 Noble St, Brooklyn, NY 11222",Greenpoint,72 Noble St,Brooklyn,11222,40.7281153,-73.9578051,892a100d14bffff,FALSE,4.8,1276,"https://search.google.com/local/reviews?placeid=ChIJuXhEvkFZwokRJoO-6hDRfN4&q=run+club,+Bronx,+NY&authuser=0&hl=en&gl=US",,https://lh3.googleusercontent.com/gps-cs-s/AC9h4nq7SIWPRuKzlN1EXtab6oCTvyPUgK3C0ysh5ewIlbIo1t61q7IJqvVo9JJRGo0-a3Y3De7X4IAwDyYNI19xiJSGYw95fIKMBFObX1H6erWIyeA3TM5yKY7RfOuJvKEdy-0CgAKhzg=w800-h500-k-no,OPERATIONAL,"{""Accessibility"": {""Wheelchair accessible entrance"": true, ""Wheelchair accessible parking lot"": true, ""Wheelchair accessible restroom"": true, ""Wheelchair accessible seating"": true, ""Assistive hearing loop"": false}, ""Offerings"": {""Food"": true}, ""Amenities"": {""Lockers available"": true, ""Party services"": true, ""Restaurant"": true, ""Restroom"": true, ""Wi-Fi"": true}, ""Crowd"": {""LGBTQ+ friendly"": true, ""Transgender safespace"": true}, ""Payments"": {""Credit cards"": true, ""Debit cards"": true, ""NFC mobile payments"": true}, ""Children"": {""Good for kids"": true}, ""Other"": {""LGBTQ+ friendly"": true}}",https://lh3.googleusercontent.com/-oOamGmcz1cQ/AAAAAAAAAAI/AAAAAAAAAAA/AnpbHnE77Po/s44-p-k-no-ns-nd/photo.jpg,,"https://www.google.com/maps/place/Ferox+Ninja+Park+-+Trampolines%2C+Ninja+gym%2C+Parkour/@40.7281153,-73.9578051,14z/data=!4m8!1m2!2m1!1sFerox+Ninja+Park+-+Trampolines%2C+Ninja+gym%2C+Parkour!3m4!1s0x89c25941be4478b9:0xde7cd110eabe8326!8m2!3d40.7281153!4d-73.9578051",info@feroxathletics.com
Equinox Sports Club New York,https://www.equinox.com/clubs/new-york/uptown/sportsclubnewyork?cid=gmb,Gym,+1 212-362-6800,"160 Columbus Ave, New York, NY 10023",Manhattan,160 Columbus Ave,New York,10023,40.7745008,-73.9812756,892a1008bafffff,FALSE,3.5,244,"https://search.google.com/local/reviews?placeid=ChIJr62bNPVYwokRrjUjALpFNcs&q=run+club,+Bronx,+NY&authuser=0&hl=en&gl=US",,https://lh3.googleusercontent.com/p/AF1QipNjTir4Rf3wbmDUNz2arkQRBr1_fcHYl5J0MJDx=w800-h500-k-no,OPERATIONAL,"{""Service options"": {""Outdoor services"": true}, ""Accessibility"": {""Wheelchair accessible entrance"": true, ""Wheelchair accessible parking lot"": false}, ""Offerings"": {""Sauna"": true}, ""Amenities"": {""Basketball court"": true, ""Swimming pool"": true}, ""Atmosphere"": {""Shower"": true}, ""Planning"": {""Membership required"": true}, ""Payments"": {""Credit cards"": true}}",https://lh6.googleusercontent.com/-9EVs55qZqVo/AAAAAAAAAAI/AAAAAAAAAAA/5ro2Wg-nsHQ/s44-p-k-no-ns-nd/photo.jpg,,"https://www.google.com/maps/place/Equinox+Sports+Club+New+York/@40.7745008,-73.9812756,14z/data=!4m8!1m2!2m1!1sEquinox+Sports+Club+New+York!3m4!1s0x89c258f5349badaf:0xcb3545ba002335ae!8m2!3d40.7745008!4d-73.9812756",privacy@equinox.com
The Bronx Brewery & Hudson Yards Kitchen,https://thebronxbrewery.com/pages/hudson-yards-location,restaurants,+1 718-402-1000,"20 Hudson Yards Unit 207, New York, NY 10001",Manhattan,20 Hudson Yards Unit 207,New York,10001,40.7533936,-74.001055,892a1072523ffff,FALSE,4.5,411,"https://search.google.com/local/reviews?placeid=ChIJwSsT2EZZwokRPCbA4-DA24k&q=run+club,+Bronx,+NY&authuser=0&hl=en&gl=US",,https://lh3.googleusercontent.com/gps-cs-s/AC9h4noIQXjOd5EJIvCeml8Uin0r4BGdwUnDPfRuFMllmX0x91Y50fGJKcL2efhZj1ntTQTv50gajK6LXx-kvE2vv3mgWT7ChTHobpYXKinFsozA_mq3yvoyg4j6tZLlO0s3e7Zy6Ii6=w800-h500-k-no,OPERATIONAL,"{""Service options"": {""Outdoor seating"": true, ""Curbside pickup"": true, ""Delivery"": true, ""Takeout"": true, ""Dine-in"": true}, ""Highlights"": {""Fast service"": true, ""Great beer selection"": true}, ""Popular for"": {""Lunch"": true, ""Solo dining"": true}, ""Accessibility"": {""Wheelchair accessible entrance"": true, ""Wheelchair accessible restroom"": true, ""Wheelchair accessible seating"": true, ""Assistive hearing loop"": false, ""Wheelchair accessible parking lot"": false}, ""Offerings"": {""Alcohol"": true, ""Beer"": true, ""Comfort food"": true, ""Dancing"": true, ""Food"": true, ""Food at bar"": true, ""Happy hour drinks"": true, ""Organic dishes"": true, ""Quick bite"": true, ""Small plates"": true, ""Vegan options"": true, ""Vegetarian options"": true}, ""Dining options"": {""Lunch"": true, ""Dinner"": true, ""Seating"": true}, ""Amenities"": {""Bar onsite"": true, ""Restroom"": true, ""Wi-Fi"": true}, ""Atmosphere"": {""Casual"": true, ""Trendy"": true}, ""Crowd"": {""Family-friendly"": true, ""Groups"": true, ""LGBTQ+ friendly"": true, ""Tourists"": true, ""Transgender safespace"": true}, ""Planning"": {""Accepts reservations"": true}, ""Payments"": {""Credit cards"": true, ""Debit cards"": true, ""NFC mobile payments"": true}, ""Children"": {""High chairs"": true}, ""Parking"": {""Paid parking garage"": true, ""Paid street parking"": true, ""Parking"": true}, ""Other"": {""LGBTQ+ friendly"": true}}",,,"https://www.google.com/maps/place/The+Bronx+Brewery+%26+Hudson+Yards+Kitchen/@40.753393599999995,-74.001055,14z/data=!4m8!1m2!2m1!1sThe+Bronx+Brewery+%26+Hudson+Yards+Kitchen!3m4!1s0x89c25946d8132bc1:0x89dbc0e0e3c0263c!8m2!3d40.753393599999995!4d-74.001055",damian@thebronxbrewery.com
Running Cool Restaurant,,restaurants,+1 718-562-6648,"2263 Jerome Ave, Bronx, NY 10453",University Heights,2263 Jerome Ave,Bronx,10453,40.8581943,-73.9042194,892a100ac1bffff,FALSE,4,262,"https://search.google.com/local/reviews?placeid=ChIJ4bne23b0wokRkLd37o06-9k&q=run+club,+Bronx,+NY&authuser=0&hl=en&gl=US",,https://lh3.googleusercontent.com/p/AF1QipMRUcFLMEUyoMNTwzkheLDTFv9bdiI5Mn5Lo6xu=w800-h500-k-no,OPERATIONAL,"{""From the business"": {""Identifies as Black-owned"": true}, ""Service options"": {""Delivery"": true, ""Takeout"": true, ""Dine-in"": true}, ""Highlights"": {""Fast service"": true}, ""Popular for"": {""Breakfast"": true, ""Lunch"": true, ""Dinner"": true, ""Solo dining"": true}, ""Accessibility"": {""Wheelchair accessible entrance"": true, ""Wheelchair accessible parking lot"": false}, ""Offerings"": {""Alcohol"": true, ""Beer"": true, ""Coffee"": true, ""Comfort food"": true, ""Healthy options"": true, ""Late-night food"": true, ""Quick bite"": true, ""Small plates"": true, ""Vegan options"": true, ""Vegetarian options"": true}, ""Dining options"": {""Breakfast"": true, ""Lunch"": true, ""Dinner"": true, ""Catering"": true, ""Dessert"": true}, ""Amenities"": {""Bar onsite"": true, ""Gender-neutral restroom"": true, ""Restroom"": true}, ""Atmosphere"": {""Casual"": true, ""Cozy"": true, ""Trendy"": true}, ""Crowd"": {""Family-friendly"": true, ""Groups"": true, ""Tourists"": true}, ""Planning"": {""Accepts reservations"": false}, ""Payments"": {""Credit cards"": true, ""Debit cards"": true, ""NFC mobile payments"": true}, ""Children"": {""Good for kids"": true}, ""Other"": {""Identifies as Black-owned"": true}}",https://lh4.googleusercontent.com/-qrCL0vhZaDQ/AAAAAAAAAAI/AAAAAAAAAAA/yDEQ2opUnys/s44-p-k-no-ns-nd/photo.jpg,,"https://www.google.com/maps/place/Running+Cool+Restaurant/@40.8581943,-73.9042194,14z/data=!4m8!1m2!2m1!1sRunning+Cool+Restaurant!3m4!1s0x89c2f476dbdeb9e1:0xd9fb3a8dee77b790!8m2!3d40.8581943!4d-73.9042194",